id,last_name,email
1,MacLeese,rmacleese0@shop-pro.jp
2,Rowantree,krowantree1@newyorker.com
3,Stoving,nstoving2@sitemeter.com
4,Hearmon,khearmon3@harvard.edu
5,Paternoster,ipaternoster4@devhub.com
6,Grivori,rgrivori5@is.gd
7,Grindrod,ggrindrod6@exblog.jp
8,Fletcher,mfletcher7@usgs.gov
9,Delacote,hdelacote8@walmart.com
10,Huckett,bhuckett9@unicef.org
11,Getty,sgettya@newsvine.com
12,Aslen,jaslenb@springer.com
13,D'Agostino,sdagostinoc@angelfire.com
14,Bunn,dbunnd@usda.gov
15,Sphinxe,gsphinxee@kickstarter.com
16,Dunsford,tdunsfordf@slideshare.net
17,Gero,rgerog@fotki.com
18,Teale,etealeh@nsw.gov.au
19,Collisson,kcollissoni@parallels.com
20,Moubray,rmoubrayj@samsung.com
21,Bourdas,gbourdask@hc360.com
22,Angeli,cangelil@wsj.com
23,Rowlin,irowlinm@howstuffworks.com
24,Windrass,mwindrassn@state.tx.us
25,Bolam,bbolamo@boston.com
26,Sweetzer,csweetzerp@noaa.gov
27,Thelwll,hthelwllq@discuz.net
28,Berka,tberkar@timesonline.co.uk
29,Bucher,ebuchers@godaddy.com
30,Dalzell,kdalzellt@ameblo.jp
31,Taaffe,mtaaffeu@amazonaws.com
32,Wyper,cwyperv@ox.ac.uk
33,Elbourne,kelbournew@nationalgeographic.com
34,Henri,jhenrix@weibo.com
35,Hyrons,ehyronsy@themeforest.net
36,Cammoile,mcammoilez@wiley.com
37,Burgyn,kburgyn10@github.io
38,Cancelier,rcancelier11@drupal.org
39,Fairlamb,mfairlamb12@symantec.com
40,Dowtry,gdowtry13@latimes.com
41,McCaighey,cmccaighey14@stanford.edu
42,Dounbare,pdounbare15@is.gd
43,Josovich,djosovich16@cbc.ca
44,O'Corrane,iocorrane17@simplemachines.org
45,Highnam,ghighnam18@t.co
46,Bartlomiej,sbartlomiej19@cisco.com
47,Reckless,breckless1a@ycombinator.com
48,Bebbington,fbebbington1b@utexas.edu
49,Charrier,gcharrier1c@a8.net
50,Cowely,jcowely1d@cisco.com
51,Ekins,nekins1e@issuu.com
52,Pavel,dpavel1f@csmonitor.com
53,Rucklesse,arucklesse1g@miitbeian.gov.cn
54,Vitet,mvitet1h@seesaa.net
55,Grigorey,ggrigorey1i@sun.com
56,Heare,theare1j@artisteer.com
57,Scraggs,oscraggs1k@tmall.com
58,McGarrie,gmcgarrie1l@samsung.com
59,Challace,achallace1m@forbes.com
60,Teissier,hteissier1n@globo.com
61,Arden,barden1o@whitehouse.gov
62,Trasler,itrasler1p@aol.com
63,Measen,jmeasen1q@unicef.org
64,Reast,rreast1r@dot.gov
65,Nassie,snassie1s@php.net
66,Ferruzzi,mferruzzi1t@microsoft.com
67,Moden,cmoden1u@livejournal.com
68,Balaam,jbalaam1v@irs.gov
69,Lello,mlello1w@prweb.com
70,de Tocqueville,gdetocqueville1x@shutterfly.com
71,Getcliff,mgetcliff1y@facebook.com
72,Trowsdale,ctrowsdale1z@netlog.com
73,Surgey,wsurgey20@spotify.com
74,Labadini,tlabadini21@cdbaby.com
75,Meader,lmeader22@ifeng.com
76,Heminsley,jheminsley23@posterous.com
77,Fincke,lfincke24@ted.com
78,MacIlhagga,emacilhagga25@mysql.com
79,Benitez,abenitez26@ucsd.edu
80,Yuranovev,cyuranovev27@forbes.com
81,Tierny,ktierny28@oracle.com
82,Hill,ehill29@blinklist.com
83,Aubri,saubri2a@intel.com
84,Pietesch,wpietesch2b@behance.net
85,Morando,cmorando2c@wired.com
86,Burgot,wburgot2d@surveymonkey.com
87,Gulland,jgulland2e@cnn.com
88,Soanes,ksoanes2f@statcounter.com
89,Huriche,hhuriche2g@sciencedirect.com
90,Lapwood,vlapwood2h@elegantthemes.com
91,Worrell,bworrell2i@sciencedaily.com
92,Enrdigo,henrdigo2j@hao123.com
93,Lockney,rlockney2k@ucoz.com
94,Paterno,tpaterno2l@rakuten.co.jp
95,Reasun,mreasun2m@smugmug.com
96,Mattusov,mmattusov2n@nyu.edu
97,Dietzler,fdietzler2o@histats.com
98,Gwatkin,rgwatkin2p@github.io
99,Berthomier,cberthomier2q@wufoo.com
100,Pedrozzi,hpedrozzi2r@ihg.com
101,Ferras,bferras2s@storify.com
102,Shier,tshier2t@squarespace.com
103,Jouannot,wjouannot2u@cpanel.net
104,Sinkin,lsinkin2v@techcrunch.com
105,Ayars,mayars2w@bigcartel.com
106,Siggery,gsiggery2x@bloglines.com
107,Hofler,shofler2y@123-reg.co.uk
108,Hopfner,ghopfner2z@oaic.gov.au
109,Wyeld,pwyeld30@dmoz.org
110,Bissett,mbissett31@gmpg.org
111,Orrett,gorrett32@tripadvisor.com
112,Justis,bjustis33@issuu.com
113,Dosdell,vdosdell34@dedecms.com
114,Hayton,ahayton35@prnewswire.com
115,Ranfield,branfield36@gnu.org
116,Timewell,atimewell37@illinois.edu
117,Mallard,nmallard38@amazon.co.jp
118,Espinoy,pespinoy39@altervista.org
119,Ilchuk,milchuk3a@parallels.com
120,Cowthart,lcowthart3b@businessinsider.com
121,Faherty,vfaherty3c@arizona.edu
122,Barnett,mbarnett3d@wikia.com
123,Wimbury,fwimbury3e@cnbc.com
124,Acuna,tacuna3f@pagesperso-orange.fr
125,Sully,jsully3g@epa.gov
126,Berre,rberre3h@goodreads.com
127,Seabourne,aseabourne3i@live.com
128,De Paoli,jdepaoli3j@amazon.de
129,MacFadyen,jmacfadyen3k@xrea.com
130,Arnal,parnal3l@wordpress.org
131,Liebmann,dliebmann3m@wisc.edu
132,Benadette,tbenadette3n@macromedia.com
133,Court,kcourt3o@mayoclinic.com
134,Chimes,rchimes3p@comsenz.com
135,Danjoie,qdanjoie3q@gmpg.org
136,Gribbon,bgribbon3r@nytimes.com
137,Yoslowitz,ayoslowitz3s@pcworld.com
138,Gaenor,wgaenor3t@infoseek.co.jp
139,Wattisham,rwattisham3u@clickbank.net
140,Weekly,sweekly3v@youku.com
141,Menci,mmenci3w@fastcompany.com
142,Le land,bleland3x@mashable.com
143,Walliker,twalliker3y@vkontakte.ru
144,Skillicorn,cskillicorn3z@php.net
145,Gallafant,mgallafant40@nytimes.com
146,Newrick,tnewrick41@unicef.org
147,Bilsborrow,ebilsborrow42@google.cn
148,Fetherstone,jfetherstone43@purevolume.com
149,Maffin,jmaffin44@prnewswire.com
150,Bortolomei,bbortolomei45@pbs.org
151,Revey,mrevey46@constantcontact.com
152,Axe,aaxe47@addthis.com
153,Hartopp,shartopp48@tuttocitta.it
154,Rushmer,hrushmer49@dailymotion.com
155,Bilbrook,kbilbrook4a@discuz.net
156,Stoneley,lstoneley4b@blogger.com
157,Mateu,rmateu4c@nationalgeographic.com
158,Dibley,cdibley4d@nydailynews.com
159,Currie,ccurrie4e@wordpress.com
160,Broschke,lbroschke4f@mapquest.com
161,Danilyak,ddanilyak4g@wsj.com
162,Dyte,zdyte4h@nationalgeographic.com
163,Matthis,nmatthis4i@qq.com
164,Argo,sargo4j@nymag.com
165,Glynn,jglynn4k@forbes.com
166,Vallow,svallow4l@uol.com.br
167,Kadar,ckadar4m@google.co.uk
168,Bains,abains4n@wikia.com
169,Ellesworth,sellesworth4o@nbcnews.com
170,Grevatt,kgrevatt4p@vkontakte.ru
171,Marti,emarti4q@goo.ne.jp
172,Dumbleton,adumbleton4r@ask.com
173,Gorges,bgorges4s@myspace.com
174,Zecchinelli,fzecchinelli4t@yahoo.com
175,Shearston,cshearston4u@ovh.net
176,Syratt,bsyratt4v@bing.com
177,Craigheid,fcraigheid4w@sfgate.com
178,Laven,zlaven4x@netlog.com
179,Denman,ldenman4y@altervista.org
180,Edwicker,tedwicker4z@nyu.edu
181,Balmann,jbalmann50@shop-pro.jp
182,Bauldrey,obauldrey51@cnn.com
183,Wrigley,lwrigley52@shareasale.com
184,Roarty,broarty53@addthis.com
185,Becraft,sbecraft54@dyndns.org
186,Kitchenman,tkitchenman55@com.com
187,Kennicott,dkennicott56@google.co.uk
188,Murr,gmurr57@ask.com
189,Gronav,cgronav58@ustream.tv
190,MacGilpatrick,gmacgilpatrick59@aboutads.info
191,Yude,eyude5a@blogs.com
192,Dibsdale,ddibsdale5b@wikispaces.com
193,Cutsforth,acutsforth5c@ft.com
194,McDuall,bmcduall5d@disqus.com
195,Yellowlees,myellowlees5e@prnewswire.com
196,Barnewille,dbarnewille5f@hubpages.com
197,Laybourne,alaybourne5g@tumblr.com
198,Duhig,mduhig5h@drupal.org
199,Balshaw,fbalshaw5i@whitehouse.gov
200,Addis,baddis5j@goo.ne.jp
201,Wemyss,awemyss5k@dropbox.com
202,Bloxholm,pbloxholm5l@bizjournals.com
203,Abramsky,mabramsky5m@buzzfeed.com
204,Nixon,rnixon5n@acquirethisname.com
205,Geffe,jgeffe5o@amazon.de
206,Bart,cbart5p@msu.edu
207,Catcheside,ccatcheside5q@oakley.com
208,Rosberg,grosberg5r@usatoday.com
209,Fairney,jfairney5s@china.com.cn
210,Blonden,gblonden5t@constantcontact.com
211,Kennham,mkennham5u@booking.com
212,Semarke,esemarke5v@latimes.com
213,Pinwill,cpinwill5w@reverbnation.com
214,Hollington,rhollington5x@icio.us
215,Janaud,fjanaud5y@yelp.com
216,Walkling,jwalkling5z@redcross.org
217,Bunker,hbunker60@meetup.com
218,Mowbury,cmowbury61@boston.com
219,Grisenthwaite,sgrisenthwaite62@admin.ch
220,Davidovich,bdavidovich63@businessinsider.com
221,Jarred,hjarred64@fotki.com
222,Chestnutt,hchestnutt65@techcrunch.com
223,Tommaseo,rtommaseo66@arstechnica.com
224,Anning,ganning67@fema.gov
225,Cyphus,ycyphus68@elegantthemes.com
226,Kalberer,akalberer69@51.la
227,Mowsdell,kmowsdell6a@dropbox.com
228,Cowgill,hcowgill6b@last.fm
229,Dury,ndury6c@1und1.de
230,Anderton,danderton6d@google.fr
231,Jarmain,mjarmain6e@freewebs.com
232,Scroggs,kscroggs6f@dell.com
233,Linacre,rlinacre6g@vinaora.com
234,Fryatt,tfryatt6h@ovh.net
235,Wooldridge,ewooldridge6i@archive.org
236,Corkan,tcorkan6j@wikispaces.com
237,Troman,jtroman6k@google.it
238,Kennealy,mkennealy6l@washington.edu
239,Parley,bparley6m@nasa.gov
240,Baudin,bbaudin6n@vk.com
241,Shadbolt,sshadbolt6o@jiathis.com
242,Farrar,gfarrar6p@cnet.com
243,Benadette,rbenadette6q@sphinn.com
244,Boorne,aboorne6r@slate.com
245,Zoren,hzoren6s@sciencedaily.com
246,Ruddell,truddell6t@bbb.org
247,Regan,mregan6u@time.com
248,Westgarth,awestgarth6v@foxnews.com
249,Minithorpe,eminithorpe6w@nature.com
250,Kyngdon,akyngdon6x@miibeian.gov.cn
251,Preece,hpreece6y@fema.gov
252,Bramont,ebramont6z@prlog.org
253,Bridgett,rbridgett70@samsung.com
254,Matyushkin,mmatyushkin71@facebook.com
255,Petheridge,fpetheridge72@pcworld.com
256,Pieche,lpieche73@domainmarket.com
257,Matula,cmatula74@netlog.com
258,Tebbett,rtebbett75@plala.or.jp
259,Strete,mstrete76@senate.gov
260,Lamming,blamming77@bloglovin.com
261,Pearlman,jpearlman78@reverbnation.com
262,O'Hartnett,rohartnett79@rakuten.co.jp
263,Wadly,cwadly7a@typepad.com
264,Gamon,hgamon7b@wunderground.com
265,Schwandermann,oschwandermann7c@cnn.com
266,Maund,smaund7d@example.com
267,Brozek,tbrozek7e@over-blog.com
268,Punchard,ppunchard7f@biblegateway.com
269,Raine,hraine7g@1und1.de
270,MacGinley,tmacginley7h@admin.ch
271,Vakhonin,svakhonin7i@desdev.cn
272,Issard,uissard7j@myspace.com
273,Beevor,abeevor7k@imgur.com
274,Gull,ggull7l@icq.com
275,Raffon,jraffon7m@cafepress.com
276,Dunstall,ldunstall7n@youku.com
277,Scneider,zscneider7o@com.com
278,Hearl,thearl7p@slideshare.net
279,Hayselden,bhayselden7q@cbc.ca
280,Eliasson,leliasson7r@rambler.ru
281,Kingscott,lkingscott7s@geocities.jp
282,Blundel,iblundel7t@mapquest.com
283,Rafe,erafe7u@japanpost.jp
284,Bromby,abromby7v@google.com.au
285,O'Brian,iobrian7w@bigcartel.com
286,Antoniewicz,aantoniewicz7x@comsenz.com
287,Amery,damery7y@bloglines.com
288,Claris,pclaris7z@ca.gov
289,Downes,ydownes80@wikipedia.org
290,Moorcraft,mmoorcraft81@bluehost.com
291,Amps,tamps82@webeden.co.uk
292,Ruger,cruger83@booking.com
293,Miskimmon,bmiskimmon84@businesswire.com
294,Rothschild,jrothschild85@umich.edu
295,Dolphin,wdolphin86@sakura.ne.jp
296,Welbrock,kwelbrock87@theguardian.com
297,Livett,plivett88@epa.gov
298,Gerish,tgerish89@slate.com
299,Winfred,fwinfred8a@apple.com
300,Titmuss,ftitmuss8b@discovery.com
